-- ===========================================
-- BULK SEED (timestamp-based schedule) – safe re-run
-- Generated 2025-11-12T10:19:05.681783
-- ===========================================

BEGIN;

-- Clean existing data to avoid PK/UNIQUE collisions
TRUNCATE TABLE
    lich_phat_song_quang_cao,
    lich_phat_song,
    tham_gia,
    tap,
    kenh_the_loai,
    the_loai_kenh,
    kenh,
    chuong_trinh_the_loai,
    the_loai_chuong_trinh,
    quang_cao,
    chuong_trinh,
    nguoi_so_dien_thoai,
    nguoi
RESTART IDENTITY CASCADE;
INSERT INTO nguoi VALUES
('N001','Tran','Minh','Binh','NAM','1993-01-08',32,'binh.tran1@mail.com','Ha Noi'),
('N002','Nguyen','Minh','Khoa','NU','1986-12-21',39,'khoa.nguyen2@mail.com','TP.HCM'),
('N003','Le','Van','Lan','KHAC','1993-08-01',32,'lan.le3@mail.com','Ha Noi'),
('N004','Do','Van','Huong','NU','1993-06-19',32,'huong.do4@mail.com','TP.HCM'),
('N005','Nguyen','Minh','Binh','NU','2001-12-16',24,'binh.nguyen5@mail.com','Hue'),
('N006','Le','Thi','Lan','KHAC','1995-01-07',30,'lan.le6@mail.com','Ha Noi'),
('N007','Do','Thi','Binh','KHAC','1990-11-12',35,'binh.do7@mail.com','TP.HCM'),
('N008','Le','Bao','An','KHAC','1985-06-04',40,'an.le8@mail.com','Da Nang'),
('N009','Nguyen','Minh','Tuan','NU','2000-02-14',25,'tuan.nguyen9@mail.com','Hai Phong'),
('N010','Le','Thi','Huong','KHAC','1995-09-18',30,'huong.le10@mail.com','Ha Noi'),
('N011','Tran','Thi','Nam','KHAC','1991-04-02',34,'nam.tran11@mail.com','TP.HCM'),
('N012','Do','Thi','Lan','NU','1997-09-05',28,'lan.do12@mail.com','Hue'),
('N013','Nguyen','Bao','An','NAM','1996-06-23',29,'an.nguyen13@mail.com','Ha Noi'),
('N014','Pham','Bao','Linh','NAM','1992-01-18',33,'linh.pham14@mail.com','Ha Noi'),
('N015','Tran','Thi','Nam','NU','2003-02-03',22,'nam.tran15@mail.com','Hue'),
('N016','Le','Thi','Huong','NAM','2002-08-20',23,'huong.le16@mail.com','TP.HCM'),
('N017','Nguyen','Bao','Huong','NU','1988-06-07',37,'huong.nguyen17@mail.com','TP.HCM'),
('N018','Do','Ngoc','Tuan','NAM','1987-07-11',38,'tuan.do18@mail.com','Hai Phong'),
('N019','Do','Bao','Khoa','NAM','1995-08-10',30,'khoa.do19@mail.com','Da Nang'),
('N020','Tran','Van','Lan','KHAC','2002-11-06',23,'lan.tran20@mail.com','Hai Phong'),
('N021','Do','Bao','Linh','KHAC','1986-04-26',39,'linh.do21@mail.com','Hue'),
('N022','Tran','Bao','Nam','NU','1988-05-02',37,'nam.tran22@mail.com','TP.HCM'),
('N023','Nguyen','Minh','Lan','NU','2002-01-19',23,'lan.nguyen23@mail.com','Hai Phong'),
('N024','Le','Van','Lan','NU','1993-10-13',32,'lan.le24@mail.com','Hai Phong'),
('N025','Le','Ngoc','Lan','KHAC','1990-01-22',35,'lan.le25@mail.com','TP.HCM'),
('N026','Pham','Van','Linh','KHAC','1995-09-15',30,'linh.pham26@mail.com','Da Nang'),
('N027','Nguyen','Van','Nam','KHAC','1996-02-08',29,'nam.nguyen27@mail.com','TP.HCM'),
('N028','Do','Thi','Nam','NU','2002-09-19',23,'nam.do28@mail.com','Hue'),
('N029','Nguyen','Bao','Binh','NAM','1995-10-16',30,'binh.nguyen29@mail.com','Da Nang'),
('N030','Do','Minh','An','NU','1999-01-08',26,'an.do30@mail.com','Da Nang'),
('N031','Do','Van','Nam','NAM','1993-02-13',32,'nam.do31@mail.com','TP.HCM'),
('N032','Le','Minh','Khoa','NAM','2003-10-16',22,'khoa.le32@mail.com','TP.HCM'),
('N033','Pham','Van','An','KHAC','2003-11-04',22,'an.pham33@mail.com','Hue'),
('N034','Le','Ngoc','Nam','NU','2000-07-19',25,'nam.le34@mail.com','Hue'),
('N035','Do','Thi','An','KHAC','1993-11-02',32,'an.do35@mail.com','Hai Phong'),
('N036','Pham','Van','Binh','NAM','1999-04-01',26,'binh.pham36@mail.com','Hue'),
('N037','Le','Ngoc','Nam','NAM','1986-08-15',39,'nam.le37@mail.com','Da Nang'),
('N038','Pham','Minh','Linh','KHAC','1987-12-02',38,'linh.pham38@mail.com','Hue'),
('N039','Nguyen','Ngoc','Khoa','KHAC','1990-10-21',35,'khoa.nguyen39@mail.com','Hue'),
('N040','Pham','Minh','Binh','KHAC','1999-10-24',26,'binh.pham40@mail.com','Ha Noi');
INSERT INTO nguoi_so_dien_thoai VALUES
('N001','0937049912'),
('N002','0922820739'),
('N003','0981160791'),
('N004','0973015648'),
('N005','0916422486'),
('N006','0989623735'),
('N007','0988292416'),
('N007','0979504220'),
('N008','0918102852'),
('N009','0946906595'),
('N009','0987835521'),
('N010','0945618101'),
('N011','0944241624'),
('N012','0980538522'),
('N013','0955027456'),
('N014','0943974189'),
('N015','0992082589'),
('N016','0935728654'),
('N016','0916728412'),
('N017','0932200844'),
('N017','0927009083'),
('N018','0978010866'),
('N018','0916735487'),
('N019','0960640372'),
('N020','0931203135'),
('N021','0926787304'),
('N021','0968702833'),
('N022','0960665523'),
('N023','0987331990'),
('N024','0976852990'),
('N024','0921316968'),
('N025','0958805563'),
('N025','0967178439'),
('N026','0926891202'),
('N027','0948957136'),
('N028','0929478671'),
('N028','0922380232'),
('N029','0917633920'),
('N029','0986574841'),
('N030','0976654186'),
('N030','0994890975'),
('N031','0960442330'),
('N031','0956608639'),
('N032','0920671711'),
('N033','0968815522'),
('N033','0973090044'),
('N034','0962250612'),
('N034','0976050392'),
('N035','0918999503'),
('N035','0955980946'),
('N036','0939939133'),
('N037','0977430622'),
('N038','0977083622'),
('N038','0990176996'),
('N039','0959891251'),
('N039','0995590736'),
('N040','0981331410');
INSERT INTO the_loai_chuong_trinh VALUES
('Phim'),
('Tin tức'),
('Giải trí'),
('Thể thao'),
('Talkshow'),
('Ẩm thực');
INSERT INTO chuong_trinh VALUES
('CT001',2020,'16+','Chương trình ẩm thực số 1','Mỹ','SAN_SANG','Chương trình 01',8),
('CT002',2021,'16+','Chương trình ẩm thực số 2','Mỹ','NHAP','Chương trình 02',9),
('CT003',2020,'13+','Chương trình talkshow số 3','Mỹ','PHAT_SONG','Chương trình 03',1),
('CT004',2019,'16+','Chương trình phim truyền hình số 4','Mỹ','PHAT_SONG','Chương trình 04',9),
('CT005',2020,'Mọi lứa tuổi','Chương trình phim truyền hình số 5','Việt Nam','NHAP','Chương trình 05',8),
('CT006',2023,'13+','Chương trình tin tức số 6','Hàn Quốc','PHAT_SONG','Chương trình 06',1),
('CT007',2025,'13+','Chương trình talkshow số 7','Hàn Quốc','PHAT_SONG','Chương trình 07',1),
('CT008',2023,'Mọi lứa tuổi','Chương trình phim truyền hình số 8','Hàn Quốc','PHAT_SONG','Chương trình 08',10),
('CT009',2024,'13+','Chương trình thể thao số 9','Hàn Quốc','NHAP','Chương trình 09',1),
('CT010',2022,'13+','Chương trình giải trí số 10','Việt Nam','SAN_SANG','Chương trình 10',9),
('CT011',2024,'13+','Chương trình talkshow số 11','Hàn Quốc','NHAP','Chương trình 11',1),
('CT012',2022,'13+','Chương trình giải trí số 12','Hàn Quốc','NHAP','Chương trình 12',8),
('CT013',2022,'Mọi lứa tuổi','Chương trình thể thao số 13','Hàn Quốc','PHAT_SONG','Chương trình 13',1),
('CT014',2021,'16+','Chương trình ẩm thực số 14','Việt Nam','PHAT_SONG','Chương trình 14',7),
('CT015',2021,'16+','Chương trình talkshow số 15','Mỹ','PHAT_SONG','Chương trình 15',1),
('CT016',2021,'16+','Chương trình thể thao số 16','Mỹ','PHAT_SONG','Chương trình 16',1);
INSERT INTO chuong_trinh_the_loai VALUES
('CT001','Talkshow'),
('CT001','Ẩm thực'),
('CT002','Ẩm thực'),
('CT002','Thể thao'),
('CT003','Talkshow'),
('CT003','Tin tức'),
('CT004','Giải trí'),
('CT005','Ẩm thực'),
('CT005','Thể thao'),
('CT006','Ẩm thực'),
('CT007','Talkshow'),
('CT007','Thể thao'),
('CT008','Ẩm thực'),
('CT009','Tin tức'),
('CT010','Tin tức'),
('CT011','Talkshow'),
('CT012','Talkshow'),
('CT012','Giải trí'),
('CT013','Tin tức'),
('CT013','Talkshow'),
('CT014','Talkshow'),
('CT015','Phim'),
('CT015','Ẩm thực'),
('CT016','Thể thao'),
('CT016','Giải trí');
INSERT INTO kenh VALUES
('K001','VTV1','Kênh VTV1'),
('K002','VTV2','Kênh VTV2'),
('K003','VTV3','Kênh VTV3'),
('K004','VTV4','Kênh VTV4'),
('K005','VTV5','Kênh VTV5'),
('K006','VTV6','Kênh VTV6');
INSERT INTO the_loai_kenh VALUES
('Truyền hình quốc gia'),
('Kênh thể thao'),
('Kênh giải trí'),
('Kênh ẩm thực'),
('Kênh tổng hợp');
INSERT INTO kenh_the_loai VALUES
('K001','Truyền hình quốc gia'),
('K002','Kênh thể thao'),
('K003','Kênh giải trí'),
('K004','Kênh ẩm thực'),
('K005','Kênh tổng hợp'),
('K006','Kênh giải trí');
INSERT INTO quang_cao VALUES
('QC001','Grab',30,'Quảng cáo Grab','2024-04-03','2025-10-02'),
('QC002','Tiki',25,'Quảng cáo Tiki','2024-01-19','2025-11-15'),
('QC003','Lazada',40,'Quảng cáo Lazada','2024-02-21','2025-09-10'),
('QC004','Pepsi',20,'Quảng cáo Pepsi','2024-08-15','2025-03-04'),
('QC005','Viettel',25,'Quảng cáo Viettel','2024-01-07','2025-07-11'),
('QC006','Viettel',35,'Quảng cáo Viettel','2024-08-13','2025-02-27'),
('QC007','Samsung',40,'Quảng cáo Samsung','2024-06-15','2025-03-14'),
('QC008','VinFast',25,'Quảng cáo VinFast','2024-11-10','2025-12-25'),
('QC009','Omo',20,'Quảng cáo Omo','2024-10-08','2025-12-17'),
('QC010','MoMo',35,'Quảng cáo MoMo','2024-08-12','2025-07-19'),
('QC011','Lazada',20,'Quảng cáo Lazada','2024-02-20','2025-01-07'),
('QC012','Samsung',40,'Quảng cáo Samsung','2024-06-01','2025-06-03'),
('QC013','Lazada',35,'Quảng cáo Lazada','2024-07-08','2025-01-09'),
('QC014','Highlands',45,'Quảng cáo Highlands','2024-03-28','2025-04-06'),
('QC015','Omo',45,'Quảng cáo Omo','2024-06-18','2025-07-15'),
('QC016','Samsung',30,'Quảng cáo Samsung','2024-06-26','2025-09-25'),
('QC017','Tiki',25,'Quảng cáo Tiki','2024-04-23','2025-10-20'),
('QC018','MoMo',30,'Quảng cáo MoMo','2024-02-22','2025-06-13'),
('QC019','VinFast',30,'Quảng cáo VinFast','2024-02-20','2025-08-26'),
('QC020','Highlands',35,'Quảng cáo Highlands','2024-07-21','2025-09-28'),
('QC021','Shopee',30,'Quảng cáo Shopee','2024-05-01','2025-07-01'),
('QC022','Viettel',40,'Quảng cáo Viettel','2024-09-26','2025-01-20'),
('QC023','Shopee',35,'Quảng cáo Shopee','2024-11-27','2025-03-17'),
('QC024','Lazada',45,'Quảng cáo Lazada','2024-03-15','2025-12-22');
INSERT INTO tap (ma_chuong_trinh, so_tap, tieu_de, trang_thai) VALUES
('CT001',1,'Tập 1','PHAT_SONG'),
('CT001',2,'Tập 2','NHAP'),
('CT001',3,'Tập 3','NHAP'),
('CT001',4,'Tập 4','NHAP'),
('CT001',5,'Tập 5','PHAT_SONG'),
('CT002',1,'Tập 1','SAN_SANG'),
('CT002',2,'Tập 2','NHAP'),
('CT002',3,'Tập 3','PHAT_SONG'),
('CT002',4,'Tập 4','NHAP'),
('CT002',5,'Tập 5','PHAT_SONG'),
('CT003',1,'Tập 1','NHAP'),
('CT004',1,'Tập 1','SAN_SANG'),
('CT004',2,'Tập 2','PHAT_SONG'),
('CT004',3,'Tập 3','PHAT_SONG'),
('CT004',4,'Tập 4','SAN_SANG'),
('CT004',5,'Tập 5','NHAP'),
('CT005',1,'Tập 1','PHAT_SONG'),
('CT005',2,'Tập 2','SAN_SANG'),
('CT005',3,'Tập 3','SAN_SANG'),
('CT005',4,'Tập 4','NHAP'),
('CT005',5,'Tập 5','PHAT_SONG'),
('CT006',1,'Tập 1','SAN_SANG'),
('CT007',1,'Tập 1','NHAP'),
('CT008',1,'Tập 1','NHAP'),
('CT008',2,'Tập 2','NHAP'),
('CT008',3,'Tập 3','NHAP'),
('CT008',4,'Tập 4','NHAP'),
('CT008',5,'Tập 5','NHAP'),
('CT009',1,'Tập 1','SAN_SANG'),
('CT010',1,'Tập 1','NHAP'),
('CT010',2,'Tập 2','SAN_SANG'),
('CT010',3,'Tập 3','NHAP'),
('CT010',4,'Tập 4','NHAP'),
('CT010',5,'Tập 5','PHAT_SONG'),
('CT011',1,'Tập 1','PHAT_SONG'),
('CT012',1,'Tập 1','PHAT_SONG'),
('CT012',2,'Tập 2','SAN_SANG'),
('CT012',3,'Tập 3','SAN_SANG'),
('CT012',4,'Tập 4','NHAP'),
('CT012',5,'Tập 5','NHAP'),
('CT013',1,'Tập 1','NHAP'),
('CT014',1,'Tập 1','SAN_SANG'),
('CT014',2,'Tập 2','NHAP'),
('CT014',3,'Tập 3','SAN_SANG'),
('CT014',4,'Tập 4','SAN_SANG'),
('CT014',5,'Tập 5','SAN_SANG'),
('CT015',1,'Tập 1','NHAP'),
('CT016',1,'Tập 1','PHAT_SONG');
INSERT INTO tham_gia (ma_dinh_danh, ma_chuong_trinh, vai_tro, ngay_bat_dau, ngay_ket_thuc) VALUES
('N026','CT003','Giám khảo','2025-02-07',NULL),
('N001','CT004','Giám khảo','2024-09-24',NULL),
('N010','CT011','Bình luận viên','2023-08-15',NULL),
('N003','CT016','Diễn viên phụ','2025-03-26',NULL),
('N034','CT012','Giám khảo','2020-01-02',NULL),
('N036','CT011','Khách mời','2025-05-12',NULL),
('N028','CT005','Khách mời','2024-05-24',NULL),
('N006','CT001','Diễn viên phụ','2024-09-06',NULL),
('N027','CT014','Giám khảo','2022-10-24',NULL),
('N009','CT004','Khách mời','2020-12-16',NULL),
('N002','CT009','Diễn viên chính','2025-08-19',NULL),
('N013','CT016','Bình luận viên','2020-09-24',NULL),
('N017','CT013','Diễn viên phụ','2025-09-05',NULL),
('N015','CT005','Diễn viên phụ','2023-05-09',NULL),
('N002','CT012','MC','2022-04-20',NULL),
('N021','CT013','Bình luận viên','2022-04-13',NULL),
('N030','CT003','Khách mời','2020-07-02',NULL),
('N040','CT003','Diễn viên chính','2020-05-07',NULL),
('N001','CT014','Giám khảo','2021-11-12',NULL),
('N019','CT003','Bình luận viên','2025-07-21',NULL),
('N014','CT004','Giám khảo','2021-08-02',NULL),
('N006','CT013','Diễn viên phụ','2025-10-25',NULL),
('N031','CT009','Diễn viên phụ','2020-07-05',NULL),
('N002','CT009','MC','2024-03-08',NULL),
('N021','CT014','Khách mời','2022-12-28',NULL),
('N032','CT016','Khách mời','2021-12-09',NULL),
('N024','CT003','Khách mời','2023-08-22',NULL),
('N029','CT013','MC','2022-03-24',NULL),
('N012','CT014','Bình luận viên','2023-04-16',NULL),
('N011','CT015','Diễn viên chính','2024-03-21',NULL),
('N009','CT014','Diễn viên chính','2022-02-16',NULL),
('N009','CT011','Diễn viên chính','2020-01-20',NULL),
('N003','CT006','Phóng viên','2022-11-04',NULL),
('N024','CT003','Bình luận viên','2021-07-08',NULL),
('N029','CT002','Giám khảo','2021-02-05',NULL),
('N007','CT002','Diễn viên chính','2022-09-11',NULL),
('N020','CT004','Khách mời','2022-09-16',NULL),
('N024','CT006','Phóng viên','2020-07-26',NULL),
('N019','CT004','Bình luận viên','2022-12-25',NULL),
('N012','CT008','Giám khảo','2020-02-15',NULL),
('N014','CT012','Diễn viên phụ','2023-08-16',NULL),
('N024','CT016','MC','2021-05-02',NULL),
('N035','CT014','Diễn viên chính','2024-10-10',NULL),
('N011','CT008','Khách mời','2020-03-22',NULL),
('N024','CT012','Phóng viên','2025-02-18',NULL),
('N012','CT009','Diễn viên chính','2021-07-16',NULL),
('N018','CT012','Diễn viên chính','2022-10-09',NULL),
('N014','CT003','Bình luận viên','2020-09-03',NULL),
('N031','CT005','Bình luận viên','2023-07-25',NULL),
('N023','CT005','Giám khảo','2024-02-12',NULL),
('N019','CT002','Diễn viên chính','2021-09-13',NULL),
('N004','CT015','MC','2023-03-16',NULL),
('N013','CT015','Giám khảo','2025-12-21',NULL),
('N011','CT015','Diễn viên phụ','2025-09-11',NULL),
('N023','CT007','Giám khảo','2022-12-07',NULL),
('N019','CT011','Giám khảo','2020-04-04',NULL),
('N020','CT013','Bình luận viên','2022-01-13',NULL),
('N035','CT002','MC','2022-12-10',NULL),
('N007','CT005','MC','2025-05-09',NULL),
('N006','CT004','Diễn viên phụ','2023-03-10',NULL);
INSERT INTO lich_phat_song (ma_lich_phat_song, ma_kenh, thoi_gian_bat_dau, thoi_gian_ket_thuc, ma_chuong_trinh, so_tap) VALUES
('LPS001','K005','2025-11-23 18:45:00','2025-11-23 19:30:00','CT001',1),
('LPS002','K005','2025-11-23 22:15:00','2025-11-23 23:45:00','CT001',2),
('LPS003','K001','2025-11-22 22:15:00','2025-11-22 23:15:00','CT002',1),
('LPS004','K001','2025-11-11 21:45:00','2025-11-11 22:40:00','CT002',2),
('LPS005','K005','2025-11-23 19:15:00','2025-11-23 20:00:00','CT003',1),
('LPS006','K003','2025-11-25 21:00:00','2025-11-25 22:30:00','CT004',1),
('LPS007','K006','2025-11-17 22:00:00','2025-11-17 23:00:00','CT004',2),
('LPS008','K003','2025-11-10 19:15:00','2025-11-10 20:25:00','CT005',1),
('LPS009','K004','2025-11-28 19:00:00','2025-11-28 19:45:00','CT005',2),
('LPS010','K003','2025-11-16 22:15:00','2025-11-16 23:10:00','CT006',1),
('LPS011','K002','2025-11-18 19:45:00','2025-11-18 20:30:00','CT007',1),
('LPS012','K006','2025-11-16 19:15:00','2025-11-16 20:10:00','CT008',1),
('LPS013','K001','2025-11-24 20:30:00','2025-11-24 21:20:00','CT008',2),
('LPS014','K004','2025-11-27 20:00:00','2025-11-27 20:55:00','CT009',1),
('LPS015','K002','2025-11-12 22:15:00','2025-11-12 23:25:00','CT010',1),
('LPS016','K005','2025-11-15 19:15:00','2025-11-15 20:05:00','CT010',2),
('LPS017','K003','2025-11-23 22:15:00','2025-11-23 23:00:00','CT011',1),
('LPS018','K006','2025-11-13 18:45:00','2025-11-13 19:40:00','CT012',1),
('LPS019','K006','2025-11-18 19:45:00','2025-11-18 20:55:00','CT012',2),
('LPS020','K004','2025-11-17 20:00:00','2025-11-17 21:30:00','CT013',1),
('LPS021','K004','2025-11-16 22:45:00','2025-11-17 00:15:00','CT014',1),
('LPS022','K004','2025-11-20 19:30:00','2025-11-20 21:00:00','CT014',2),
('LPS023','K005','2025-11-13 18:00:00','2025-11-13 18:45:00','CT015',1),
('LPS024','K001','2025-11-25 18:00:00','2025-11-25 19:30:00','CT016',1);
INSERT INTO lich_phat_song_quang_cao (ma_lich_phat_song, ma_hop_dong, thu_tu, thoi_diem_chen_quang_cao) VALUES
('LPS001','QC021',1,'00:10:00'::interval),
('LPS002','QC008',1,'00:10:00'::interval),
('LPS002','QC011',2,'00:20:00'::interval),
('LPS003','QC007',1,'00:10:00'::interval),
('LPS003','QC021',2,'00:20:00'::interval),
('LPS004','QC013',1,'00:10:00'::interval),
('LPS004','QC017',2,'00:20:00'::interval),
('LPS005','QC019',1,'00:10:00'::interval),
('LPS005','QC011',2,'00:20:00'::interval),
('LPS006','QC023',1,'00:10:00'::interval),
('LPS007','QC012',1,'00:10:00'::interval),
('LPS008','QC016',1,'00:10:00'::interval),
('LPS008','QC018',2,'00:20:00'::interval),
('LPS009','QC010',1,'00:10:00'::interval),
('LPS009','QC012',2,'00:20:00'::interval),
('LPS010','QC014',1,'00:10:00'::interval),
('LPS010','QC011',2,'00:20:00'::interval),
('LPS011','QC013',1,'00:10:00'::interval),
('LPS012','QC021',1,'00:10:00'::interval),
('LPS013','QC017',1,'00:10:00'::interval),
('LPS013','QC008',2,'00:20:00'::interval),
('LPS014','QC022',1,'00:10:00'::interval),
('LPS014','QC009',2,'00:20:00'::interval),
('LPS015','QC018',1,'00:10:00'::interval),
('LPS015','QC015',2,'00:20:00'::interval),
('LPS016','QC015',1,'00:10:00'::interval),
('LPS017','QC016',1,'00:10:00'::interval),
('LPS017','QC009',2,'00:20:00'::interval),
('LPS018','QC018',1,'00:10:00'::interval),
('LPS018','QC020',2,'00:20:00'::interval),
('LPS019','QC020',1,'00:10:00'::interval),
('LPS020','QC018',1,'00:10:00'::interval),
('LPS021','QC020',1,'00:10:00'::interval),
('LPS021','QC020',2,'00:20:00'::interval),
('LPS022','QC024',1,'00:10:00'::interval),
('LPS023','QC002',1,'00:10:00'::interval),
('LPS023','QC019',2,'00:20:00'::interval),
('LPS024','QC006',1,'00:10:00'::interval);
COMMIT;
