-- ===========================================
-- BULK SEED v5 (safe re-run): TRUNCATE CASCADE to avoid duplicate PK conflicts
-- Generated 2025-11-12T01:14:40.837461
-- ===========================================

BEGIN;

-- Clean existing data to avoid PK/UNIQUE collisions
TRUNCATE TABLE
    lich_phat_song_quang_cao,
    lich_phat_song,
    tham_gia,
    tap,
    kenh_the_loai,
    the_loai_kenh,
    kenh,
    chuong_trinh_the_loai,
    the_loai_chuong_trinh,
    quang_cao,
    chuong_trinh,
    nguoi_so_dien_thoai,
    nguoi
RESTART IDENTITY CASCADE;

INSERT INTO nguoi VALUES
('N001','Pham','Thi','An','KHAC','1997-07-11',28,'an.pham1@mail.com','Da Nang'),
('N002','Tran','Bao','Linh','NAM','2000-03-05',25,'linh.tran2@mail.com','Hue'),
('N003','Pham','Van','An','NAM','2001-03-06',24,'an.pham3@mail.com','Da Nang'),
('N004','Nguyen','Thi','Nam','KHAC','2003-11-21',22,'nam.nguyen4@mail.com','TP.HCM'),
('N005','Pham','Van','Tuan','NU','1985-06-06',40,'tuan.pham5@mail.com','Hue'),
('N006','Le','Minh','Khoa','NU','1995-12-10',30,'khoa.le6@mail.com','TP.HCM'),
('N007','Le','Bao','Linh','NU','1999-02-26',26,'linh.le7@mail.com','Hai Phong'),
('N008','Le','Thi','Huong','NU','2000-05-03',25,'huong.le8@mail.com','Ha Noi'),
('N009','Pham','Ngoc','Linh','NU','1992-08-08',33,'linh.pham9@mail.com','Ha Noi'),
('N010','Do','Ngoc','Khoa','KHAC','1998-04-28',27,'khoa.do10@mail.com','TP.HCM'),
('N011','Le','Thi','Khoa','NAM','1994-01-18',31,'khoa.le11@mail.com','TP.HCM'),
('N012','Nguyen','Ngoc','An','KHAC','1985-12-18',40,'an.nguyen12@mail.com','Hai Phong'),
('N013','Do','Bao','Nam','NU','1998-08-07',27,'nam.do13@mail.com','Hai Phong'),
('N014','Le','Thi','Huong','NU','2001-01-17',24,'huong.le14@mail.com','Hai Phong'),
('N015','Nguyen','Ngoc','Nam','NU','1996-11-10',29,'nam.nguyen15@mail.com','Ha Noi'),
('N016','Do','Bao','Huong','NAM','1985-03-02',40,'huong.do16@mail.com','Hue'),
('N017','Pham','Thi','Nam','NAM','1995-06-26',30,'nam.pham17@mail.com','TP.HCM'),
('N018','Le','Van','Nam','NU','1999-10-01',26,'nam.le18@mail.com','Da Nang'),
('N019','Le','Thi','Lan','NAM','1990-11-22',35,'lan.le19@mail.com','Hue'),
('N020','Tran','Thi','Binh','NAM','1987-10-12',38,'binh.tran20@mail.com','Ha Noi'),
('N021','Nguyen','Ngoc','Huong','NU','1998-04-23',27,'huong.nguyen21@mail.com','Hue'),
('N022','Tran','Thi','Linh','NU','1989-08-04',36,'linh.tran22@mail.com','Ha Noi'),
('N023','Tran','Minh','Khoa','KHAC','1986-05-13',39,'khoa.tran23@mail.com','Hue'),
('N024','Pham','Thi','Tuan','NAM','1985-11-16',40,'tuan.pham24@mail.com','Ha Noi'),
('N025','Le','Ngoc','Khoa','NAM','1989-03-11',36,'khoa.le25@mail.com','Hai Phong'),
('N026','Tran','Thi','Lan','NU','1988-05-17',37,'lan.tran26@mail.com','TP.HCM'),
('N027','Tran','Minh','Tuan','NAM','1990-08-27',35,'tuan.tran27@mail.com','Ha Noi'),
('N028','Pham','Ngoc','Huong','KHAC','1995-02-03',30,'huong.pham28@mail.com','TP.HCM'),
('N029','Nguyen','Thi','Nam','NAM','1985-06-19',40,'nam.nguyen29@mail.com','Hue'),
('N030','Pham','Van','Khoa','NU','1989-11-27',36,'khoa.pham30@mail.com','Hue'),
('N031','Le','Bao','An','KHAC','1999-11-17',26,'an.le31@mail.com','Hai Phong'),
('N032','Nguyen','Van','Huong','NU','1991-05-09',34,'huong.nguyen32@mail.com','Da Nang'),
('N033','Tran','Ngoc','Khoa','NU','2001-01-08',24,'khoa.tran33@mail.com','Da Nang'),
('N034','Pham','Van','Linh','KHAC','1999-01-11',26,'linh.pham34@mail.com','Ha Noi'),
('N035','Le','Minh','Nam','NU','1999-08-02',26,'nam.le35@mail.com','Da Nang'),
('N036','Pham','Minh','Linh','NU','1989-03-22',36,'linh.pham36@mail.com','Ha Noi'),
('N037','Le','Bao','Tuan','NU','1985-01-09',40,'tuan.le37@mail.com','Hue'),
('N038','Nguyen','Ngoc','Binh','NAM','1993-09-05',32,'binh.nguyen38@mail.com','Hue'),
('N039','Tran','Van','Binh','NAM','1993-09-10',32,'binh.tran39@mail.com','Ha Noi'),
('N040','Nguyen','Bao','Linh','NU','1988-12-18',37,'linh.nguyen40@mail.com','Ha Noi');
INSERT INTO nguoi_so_dien_thoai VALUES
('N001','0939592693'),
('N002','0985417507'),
('N002','0939947429'),
('N003','0963052136'),
('N003','0947705333'),
('N004','0996619068'),
('N004','0918527399'),
('N005','0982626295'),
('N006','0942986153'),
('N007','0930501709'),
('N007','0935713326'),
('N008','0938853627'),
('N008','0959028133'),
('N009','0988693432'),
('N009','0910638013'),
('N010','0934659436'),
('N010','0935214599'),
('N011','0933075462'),
('N011','0974611248'),
('N012','0952159207'),
('N012','0987931959'),
('N013','0940374166'),
('N014','0970288360'),
('N015','0970506642'),
('N016','0911341912'),
('N017','0966821458'),
('N017','0957045226'),
('N018','0971823158'),
('N019','0956110157'),
('N020','0994842379'),
('N020','0944814377'),
('N021','0941428348'),
('N021','0970850474'),
('N022','0992601910'),
('N023','0950407929'),
('N024','0974846013'),
('N024','0975672457'),
('N025','0968387648'),
('N025','0997296406'),
('N026','0948385273'),
('N026','0920259634'),
('N027','0996405697'),
('N028','0975178270'),
('N029','0998072875'),
('N029','0978029675'),
('N030','0917900364'),
('N030','0988886142'),
('N031','0924589155'),
('N031','0990036463'),
('N032','0959162548'),
('N033','0990740009'),
('N033','0941332677'),
('N034','0966419922'),
('N034','0947002217'),
('N035','0990251286'),
('N035','0925766647'),
('N036','0998695931'),
('N037','0914048955'),
('N037','0951846261'),
('N038','0946508944'),
('N038','0966439787'),
('N039','0958980872'),
('N039','0979574935'),
('N040','0937069751'),
('N040','0981653836');
INSERT INTO the_loai_chuong_trinh VALUES
('Phim'),
('Tin tức'),
('Giải trí'),
('Thể thao'),
('Talkshow'),
('Ẩm thực');
INSERT INTO chuong_trinh VALUES
('CT001',2022,'Mọi lứa tuổi','Ẩm thực','Chương trình ẩm thực số 1','Việt Nam','PHAT_SONG','Chương trình 01',9),
('CT002',2024,'13+','Phim truyền hình','Chương trình phim truyền hình số 2','Mỹ','NHAP','Chương trình 02',6),
('CT003',2022,'Mọi lứa tuổi','Tin tức','Chương trình tin tức số 3','Hàn Quốc','PHAT_SONG','Chương trình 03',1),
('CT004',2020,'16+','Phim truyền hình','Chương trình phim truyền hình số 4','Việt Nam','PHAT_SONG','Chương trình 04',7),
('CT005',2021,'16+','Giải trí','Chương trình giải trí số 5','Mỹ','SAN_SANG','Chương trình 05',10),
('CT006',2019,'16+','Thể thao','Chương trình thể thao số 6','Việt Nam','NHAP','Chương trình 06',1),
('CT007',2022,'13+','Ẩm thực','Chương trình ẩm thực số 7','Việt Nam','PHAT_SONG','Chương trình 07',10),
('CT008',2021,'16+','Giải trí','Chương trình giải trí số 8','Hàn Quốc','NHAP','Chương trình 08',6),
('CT009',2019,'16+','Tin tức','Chương trình tin tức số 9','Mỹ','SAN_SANG','Chương trình 09',1),
('CT010',2022,'13+','Giải trí','Chương trình giải trí số 10','Việt Nam','PHAT_SONG','Chương trình 10',9),
('CT011',2020,'Mọi lứa tuổi','Tin tức','Chương trình tin tức số 11','Mỹ','SAN_SANG','Chương trình 11',1),
('CT012',2021,'13+','Thể thao','Chương trình thể thao số 12','Mỹ','NHAP','Chương trình 12',1),
('CT013',2019,'13+','Talkshow','Chương trình talkshow số 13','Việt Nam','NHAP','Chương trình 13',1),
('CT014',2022,'13+','Ẩm thực','Chương trình ẩm thực số 14','Việt Nam','NHAP','Chương trình 14',9),
('CT015',2019,'Mọi lứa tuổi','Talkshow','Chương trình talkshow số 15','Hàn Quốc','PHAT_SONG','Chương trình 15',1),
('CT016',2025,'Mọi lứa tuổi','Phim truyền hình','Chương trình phim truyền hình số 16','Hàn Quốc','NHAP','Chương trình 16',8);
INSERT INTO chuong_trinh_the_loai VALUES
('CT001','Phim'),
('CT001','Giải trí'),
('CT002','Giải trí'),
('CT003','Giải trí'),
('CT003','Thể thao'),
('CT004','Phim'),
('CT004','Thể thao'),
('CT005','Talkshow'),
('CT005','Ẩm thực'),
('CT006','Talkshow'),
('CT007','Phim'),
('CT008','Phim'),
('CT009','Giải trí'),
('CT010','Giải trí'),
('CT011','Phim'),
('CT012','Thể thao'),
('CT012','Tin tức'),
('CT013','Ẩm thực'),
('CT014','Thể thao'),
('CT015','Giải trí'),
('CT015','Thể thao'),
('CT016','Talkshow');
INSERT INTO kenh VALUES
('K001','VTV1','Kênh VTV1'),
('K002','VTV2','Kênh VTV2'),
('K003','VTV3','Kênh VTV3'),
('K004','VTV4','Kênh VTV4'),
('K005','VTV5','Kênh VTV5'),
('K006','VTV6','Kênh VTV6');
INSERT INTO the_loai_kenh VALUES
('Truyền hình quốc gia'),
('Kênh thể thao'),
('Kênh giải trí'),
('Kênh ẩm thực'),
('Kênh tổng hợp');
INSERT INTO kenh_the_loai VALUES
('K001','Truyền hình quốc gia'),
('K002','Kênh thể thao'),
('K003','Kênh giải trí'),
('K004','Kênh ẩm thực'),
('K005','Kênh tổng hợp'),
('K006','Kênh giải trí');
INSERT INTO quang_cao VALUES
('QC001','Viettel',30,'Quảng cáo Viettel','2024-01-28','2025-05-08'),
('QC002','VinFast',40,'Quảng cáo VinFast','2024-09-28','2025-06-22'),
('QC003','MoMo',40,'Quảng cáo MoMo','2024-06-18','2025-04-05'),
('QC004','Pepsi',30,'Quảng cáo Pepsi','2024-11-20','2025-12-04'),
('QC005','Omo',20,'Quảng cáo Omo','2024-03-09','2025-05-06'),
('QC006','MoMo',35,'Quảng cáo MoMo','2024-11-10','2025-12-02'),
('QC007','VinFast',35,'Quảng cáo VinFast','2024-01-26','2025-12-05'),
('QC008','Grab',45,'Quảng cáo Grab','2024-08-09','2025-12-04'),
('QC009','Shopee',25,'Quảng cáo Shopee','2024-06-22','2025-10-26'),
('QC010','MoMo',45,'Quảng cáo MoMo','2024-01-09','2025-08-27'),
('QC011','Grab',45,'Quảng cáo Grab','2024-09-14','2025-08-01'),
('QC012','Shopee',20,'Quảng cáo Shopee','2024-08-27','2025-09-02'),
('QC013','Omo',20,'Quảng cáo Omo','2024-03-27','2025-10-25'),
('QC014','Lazada',20,'Quảng cáo Lazada','2024-06-19','2025-06-02'),
('QC015','Omo',20,'Quảng cáo Omo','2024-03-03','2025-03-16'),
('QC016','Shopee',20,'Quảng cáo Shopee','2024-04-11','2025-11-07'),
('QC017','Shopee',30,'Quảng cáo Shopee','2024-07-26','2025-08-26'),
('QC018','Tiki',20,'Quảng cáo Tiki','2024-05-02','2025-01-11'),
('QC019','Grab',45,'Quảng cáo Grab','2024-03-18','2025-12-19'),
('QC020','Grab',30,'Quảng cáo Grab','2024-12-02','2025-08-13'),
('QC021','Tiki',30,'Quảng cáo Tiki','2024-12-25','2025-04-24'),
('QC022','Viettel',30,'Quảng cáo Viettel','2024-10-21','2025-05-18'),
('QC023','Tiki',35,'Quảng cáo Tiki','2024-09-03','2025-05-20'),
('QC024','Shopee',35,'Quảng cáo Shopee','2024-07-27','2025-10-24');
INSERT INTO tap (ma_chuong_trinh, so_tap, tieu_de, trang_thai) VALUES
('CT001',1,'Tập 1','SAN_SANG'),
('CT001',2,'Tập 2','SAN_SANG'),
('CT001',3,'Tập 3','NHAP'),
('CT001',4,'Tập 4','SAN_SANG'),
('CT001',5,'Tập 5','NHAP'),
('CT002',1,'Tập 1','NHAP'),
('CT002',2,'Tập 2','SAN_SANG'),
('CT002',3,'Tập 3','NHAP'),
('CT002',4,'Tập 4','PHAT_SONG'),
('CT002',5,'Tập 5','PHAT_SONG'),
('CT003',1,'Tập 1','NHAP'),
('CT004',1,'Tập 1','PHAT_SONG'),
('CT004',2,'Tập 2','NHAP'),
('CT004',3,'Tập 3','PHAT_SONG'),
('CT004',4,'Tập 4','NHAP'),
('CT004',5,'Tập 5','NHAP'),
('CT005',1,'Tập 1','NHAP'),
('CT005',2,'Tập 2','PHAT_SONG'),
('CT005',3,'Tập 3','SAN_SANG'),
('CT005',4,'Tập 4','PHAT_SONG'),
('CT005',5,'Tập 5','PHAT_SONG'),
('CT006',1,'Tập 1','NHAP'),
('CT007',1,'Tập 1','NHAP'),
('CT007',2,'Tập 2','NHAP'),
('CT007',3,'Tập 3','NHAP'),
('CT007',4,'Tập 4','PHAT_SONG'),
('CT007',5,'Tập 5','SAN_SANG'),
('CT008',1,'Tập 1','PHAT_SONG'),
('CT008',2,'Tập 2','PHAT_SONG'),
('CT008',3,'Tập 3','PHAT_SONG'),
('CT008',4,'Tập 4','PHAT_SONG'),
('CT008',5,'Tập 5','NHAP'),
('CT009',1,'Tập 1','PHAT_SONG'),
('CT010',1,'Tập 1','PHAT_SONG'),
('CT010',2,'Tập 2','SAN_SANG'),
('CT010',3,'Tập 3','SAN_SANG'),
('CT010',4,'Tập 4','SAN_SANG'),
('CT010',5,'Tập 5','PHAT_SONG'),
('CT011',1,'Tập 1','SAN_SANG'),
('CT012',1,'Tập 1','PHAT_SONG'),
('CT013',1,'Tập 1','PHAT_SONG'),
('CT014',1,'Tập 1','SAN_SANG'),
('CT014',2,'Tập 2','SAN_SANG'),
('CT014',3,'Tập 3','SAN_SANG'),
('CT014',4,'Tập 4','NHAP'),
('CT014',5,'Tập 5','SAN_SANG'),
('CT015',1,'Tập 1','SAN_SANG'),
('CT016',1,'Tập 1','SAN_SANG'),
('CT016',2,'Tập 2','NHAP'),
('CT016',3,'Tập 3','SAN_SANG'),
('CT016',4,'Tập 4','SAN_SANG'),
('CT016',5,'Tập 5','NHAP');
INSERT INTO tham_gia (ma_dinh_danh, ma_chuong_trinh, vai_tro, ngay_bat_dau, ngay_ket_thuc) VALUES
('N035','CT008','MC','2021-10-12',NULL),
('N003','CT014','Phóng viên','2021-10-05',NULL),
('N031','CT002','Bình luận viên','2023-10-08',NULL),
('N036','CT002','Diễn viên chính','2021-06-07',NULL),
('N005','CT007','Khách mời','2024-02-28',NULL),
('N021','CT010','Diễn viên phụ','2024-10-26',NULL),
('N016','CT008','MC','2020-04-20',NULL),
('N012','CT003','Khách mời','2025-08-03',NULL),
('N024','CT003','MC','2025-06-01',NULL),
('N003','CT006','Khách mời','2023-06-03',NULL),
('N005','CT002','Giám khảo','2024-05-20',NULL),
('N002','CT003','Diễn viên chính','2023-09-04',NULL),
('N040','CT001','Giám khảo','2023-03-17',NULL),
('N026','CT010','Diễn viên phụ','2024-03-12',NULL),
('N018','CT006','Diễn viên phụ','2025-06-27',NULL),
('N019','CT005','Phóng viên','2021-11-12',NULL),
('N023','CT015','Khách mời','2022-04-20',NULL),
('N026','CT013','Khách mời','2020-09-18',NULL),
('N039','CT015','MC','2024-08-25',NULL),
('N035','CT013','Bình luận viên','2025-12-17',NULL),
('N040','CT016','Phóng viên','2021-11-22',NULL),
('N013','CT002','Giám khảo','2021-10-19',NULL),
('N033','CT005','Diễn viên chính','2020-01-26',NULL),
('N011','CT001','Giám khảo','2023-03-12',NULL),
('N031','CT009','Giám khảo','2021-11-04',NULL),
('N014','CT003','Phóng viên','2023-01-18',NULL),
('N020','CT011','Diễn viên chính','2023-09-08',NULL),
('N007','CT005','Diễn viên chính','2024-06-24',NULL),
('N011','CT011','Diễn viên chính','2021-03-24',NULL),
('N026','CT002','Giám khảo','2021-06-21',NULL),
('N022','CT012','Diễn viên chính','2025-06-01',NULL),
('N003','CT009','Diễn viên phụ','2022-08-10',NULL),
('N038','CT008','Bình luận viên','2024-06-13',NULL),
('N040','CT003','Diễn viên chính','2024-12-11',NULL),
('N017','CT015','Diễn viên phụ','2023-09-16',NULL),
('N032','CT002','Phóng viên','2024-01-04',NULL),
('N033','CT012','Giám khảo','2022-09-26',NULL),
('N010','CT009','Giám khảo','2023-09-26',NULL),
('N021','CT004','Giám khảo','2021-05-11',NULL),
('N009','CT005','Diễn viên chính','2021-09-01',NULL),
('N008','CT009','Phóng viên','2025-01-21',NULL),
('N017','CT003','Khách mời','2025-05-21',NULL),
('N017','CT011','Bình luận viên','2023-11-23',NULL),
('N036','CT003','Giám khảo','2020-12-13',NULL),
('N030','CT008','Phóng viên','2024-11-25',NULL),
('N022','CT013','Khách mời','2024-06-01',NULL),
('N003','CT004','Giám khảo','2022-02-03',NULL),
('N028','CT006','Bình luận viên','2023-04-04',NULL),
('N017','CT009','Giám khảo','2024-02-26',NULL),
('N013','CT009','Khách mời','2022-07-12',NULL),
('N017','CT006','MC','2023-05-19',NULL),
('N031','CT014','Diễn viên chính','2025-02-02',NULL),
('N028','CT014','Diễn viên chính','2021-07-14',NULL),
('N038','CT013','Bình luận viên','2023-10-01',NULL),
('N034','CT003','Khách mời','2024-02-05',NULL),
('N015','CT013','MC','2023-03-10',NULL),
('N031','CT016','Khách mời','2024-03-08',NULL),
('N019','CT001','Diễn viên chính','2025-03-14',NULL),
('N004','CT013','Diễn viên phụ','2025-04-04',NULL),
('N039','CT002','Phóng viên','2025-03-05',NULL);
INSERT INTO lich_phat_song (ma_lich_phat_song, ma_kenh, nam, thang, ngay, gio, phut, ma_chuong_trinh, so_tap) VALUES
('LPS001','K002',2025,11,27,21,45,'CT001',1),
('LPS002','K001',2025,11,13,21,30,'CT001',2),
('LPS003','K004',2025,11,18,22,0,'CT002',1),
('LPS004','K006',2025,11,19,21,15,'CT002',2),
('LPS005','K002',2025,11,14,20,0,'CT003',1),
('LPS006','K003',2025,11,11,21,15,'CT004',1),
('LPS007','K002',2025,11,15,21,45,'CT004',2),
('LPS008','K004',2025,11,16,21,45,'CT005',1),
('LPS009','K006',2025,11,28,20,45,'CT005',2),
('LPS010','K004',2025,11,10,20,45,'CT006',1),
('LPS011','K002',2025,11,28,19,45,'CT007',1),
('LPS012','K005',2025,11,16,18,0,'CT007',2),
('LPS013','K001',2025,11,12,18,45,'CT008',1),
('LPS014','K002',2025,11,15,19,15,'CT008',2),
('LPS015','K005',2025,11,15,22,30,'CT009',1),
('LPS016','K005',2025,11,23,19,45,'CT010',1),
('LPS017','K006',2025,11,18,21,0,'CT010',2),
('LPS018','K006',2025,11,16,21,45,'CT011',1),
('LPS019','K002',2025,11,14,21,30,'CT012',1),
('LPS020','K005',2025,11,13,18,30,'CT013',1),
('LPS021','K002',2025,11,12,20,30,'CT014',1),
('LPS022','K004',2025,11,17,19,45,'CT014',2),
('LPS023','K005',2025,11,12,18,0,'CT015',1),
('LPS024','K006',2025,11,15,18,15,'CT016',1),
('LPS025','K003',2025,11,19,21,15,'CT016',2);
INSERT INTO lich_phat_song_quang_cao (ma_lich_phat_song, ma_hop_dong, thu_tu, thoi_diem_chen_quang_cao) VALUES
('LPS001','QC023',1,'00:10:00'::interval),
('LPS002','QC022',1,'00:10:00'::interval),
('LPS003','QC023',1,'00:10:00'::interval),
('LPS004','QC003',1,'00:10:00'::interval),
('LPS005','QC019',1,'00:10:00'::interval),
('LPS006','QC023',1,'00:10:00'::interval),
('LPS006','QC013',2,'00:20:00'::interval),
('LPS007','QC010',1,'00:10:00'::interval),
('LPS007','QC017',2,'00:20:00'::interval),
('LPS008','QC001',1,'00:10:00'::interval),
('LPS009','QC014',1,'00:10:00'::interval),
('LPS009','QC010',2,'00:20:00'::interval),
('LPS010','QC013',1,'00:10:00'::interval),
('LPS011','QC016',1,'00:10:00'::interval),
('LPS011','QC001',2,'00:20:00'::interval),
('LPS012','QC007',1,'00:10:00'::interval),
('LPS012','QC016',2,'00:20:00'::interval),
('LPS013','QC004',1,'00:10:00'::interval),
('LPS014','QC011',1,'00:10:00'::interval),
('LPS015','QC022',1,'00:10:00'::interval),
('LPS015','QC021',2,'00:20:00'::interval),
('LPS016','QC005',1,'00:10:00'::interval),
('LPS017','QC015',1,'00:10:00'::interval),
('LPS018','QC001',1,'00:10:00'::interval),
('LPS019','QC005',1,'00:10:00'::interval),
('LPS020','QC010',1,'00:10:00'::interval),
('LPS021','QC001',1,'00:10:00'::interval),
('LPS021','QC001',2,'00:20:00'::interval),
('LPS022','QC014',1,'00:10:00'::interval),
('LPS022','QC011',2,'00:20:00'::interval),
('LPS023','QC009',1,'00:10:00'::interval),
('LPS023','QC016',2,'00:20:00'::interval),
('LPS024','QC017',1,'00:10:00'::interval),
('LPS025','QC002',1,'00:10:00'::interval);
COMMIT;
